{"WA": {"METAL_TOTAL": 5258677.4306588, "CARCINOGEN_TOTAL": 2260113.0561139006, "FEDERAL_FACILITY_TOTAL": 1328308.1, "METAL": 30.169117770503068, "CLEAR_AIR_ACT_CHEMICAL_TOTAL": 9965109.102483602, "FEDERAL_FACILITY": 7.620525128766601, "CARCINOGEN": 12.96630528562572, "CLEAR_AIR_ACT_CHEMICAL": 57.16999265936651}, "DE": {"METAL_TOTAL": 2917751.4889, "CARCINOGEN_TOTAL": 136224.7515, "METAL": 36.03149998192336, "FEDERAL_FACILITY_TOTAL": 265, "CLEAR_AIR_ACT_CHEMICAL_TOTAL": 5316829.41237852, "FEDERAL_FACILITY": 0.0032725019699362547, "CARCINOGEN": 1.6822481797653839, "CLEAR_AIR_ACT_CHEMICAL": 65.65786688990084}, "DC": {"METAL_TOTAL": 20905.548897399996, "CARCINOGEN_TOTAL": 1113.8231974, "FEDERAL_FACILITY_TOTAL": 22055.320047400004, "METAL": 87.79989033169339, "CLEAR_AIR_ACT_CHEMICAL_TOTAL": 12889.0498974, "FEDERAL_FACILITY": 92.62874134019768, "CARCINOGEN": 4.6778754798817355, "CLEAR_AIR_ACT_CHEMICAL": 54.131904071276836}, "WI": {"METAL_TOTAL": 7779712.663334794, "CARCINOGEN_TOTAL": 1593238.5013750007, "FEDERAL_FACILITY_TOTAL": 112405.4, "METAL": 23.249447316779086, "CLEAR_AIR_ACT_CHEMICAL_TOTAL": 16141246.447808698, "FEDERAL_FACILITY": 0.3359203017533111, "CARCINOGEN": 4.761347392090446, "CLEAR_AIR_ACT_CHEMICAL": 48.237650303477054}, "WV": {"METAL_TOTAL": 8300113.572519999, "CARCINOGEN_TOTAL": 948066.52208, "FEDERAL_FACILITY_TOTAL": 3394.88, "METAL": 19.37507117916961, "CLEAR_AIR_ACT_CHEMICAL_TOTAL": 22154291.397900462, "FEDERAL_FACILITY": 0.00792471585720351, "CARCINOGEN": 2.2130849400306225, "CLEAR_AIR_ACT_CHEMICAL": 51.71507221051969}, "HI": {"METAL_TOTAL": 407780.41000000003, "CARCINOGEN_TOTAL": 116226.60999999999, "FEDERAL_FACILITY_TOTAL": 444284.2, "METAL": 13.83497197148371, "CLEAR_AIR_ACT_CHEMICAL_TOTAL": 685096.4090032537, "FEDERAL_FACILITY": 15.073454495700428, "CARCINOGEN": 3.9432789125170777, "CLEAR_AIR_ACT_CHEMICAL": 23.243611963419617}, "FL": {"METAL_TOTAL": 8931427.3894057, "CARCINOGEN_TOTAL": 2786550.3839330017, "FEDERAL_FACILITY_TOTAL": 609725.7552799999, "METAL": 10.45660612853631, "CLEAR_AIR_ACT_CHEMICAL_TOTAL": 44352673.53828324, "FEDERAL_FACILITY": 0.7138458156139716, "CARCINOGEN": 3.262396765008899, "CLEAR_AIR_ACT_CHEMICAL": 51.92657541923349}, "WY": {"METAL_TOTAL": 2667428.3254614, "CARCINOGEN_TOTAL": 258445.60699, "METAL": 10.607976640299768, "FEDERAL_FACILITY_TOTAL": 1280.3200000000002, "CLEAR_AIR_ACT_CHEMICAL_TOTAL": 3722307.4332844205, "FEDERAL_FACILITY": 0.005091647457766016, "CARCINOGEN": 1.0278007980828452, "CLEAR_AIR_ACT_CHEMICAL": 14.803078277076173}, "NH": {"METAL_TOTAL": 161531.652669, "CARCINOGEN_TOTAL": 68030.53659899998, "METAL": 5.570503629548466, "CLEAR_AIR_ACT_CHEMICAL_TOTAL": 2061353.7325109616, "CARCINOGEN": 2.346068679315799, "CLEAR_AIR_ACT_CHEMICAL": 71.08686290893922}, "NJ": {"METAL_TOTAL": 1717868.7468079994, "CARCINOGEN_TOTAL": 374744.2067407002, "FEDERAL_FACILITY_TOTAL": 214127.782, "METAL": 12.961788349978667, "CLEAR_AIR_ACT_CHEMICAL_TOTAL": 3854073.932245817, "FEDERAL_FACILITY": 1.615652531831396, "CARCINOGEN": 2.827547274597746, "CLEAR_AIR_ACT_CHEMICAL": 29.080039256645072}, "NM": {"METAL_TOTAL": 8327446.398999998, "CARCINOGEN_TOTAL": 278954.6530000001, "METAL": 43.53772537998925, "FEDERAL_FACILITY_TOTAL": 375551.115, "CLEAR_AIR_ACT_CHEMICAL_TOTAL": 7349324.275839577, "FEDERAL_FACILITY": 1.9634640113663449, "CARCINOGEN": 1.4584364154229363, "CLEAR_AIR_ACT_CHEMICAL": 38.42388731417302}, "TX": {"METAL_TOTAL": 29393567.11377889, "CARCINOGEN_TOTAL": 18814725.0880609, "METAL": 14.50416737520454, "FEDERAL_FACILITY_TOTAL": 1311075.5355000002, "CLEAR_AIR_ACT_CHEMICAL_TOTAL": 84208060.85146675, "FEDERAL_FACILITY": 0.6469462836823819, "CARCINOGEN": 9.28406956322668, "CLEAR_AIR_ACT_CHEMICAL": 41.552214612242125}, "LA": {"METAL_TOTAL": 18506828.40573051, "CARCINOGEN_TOTAL": 15560800.944972988, "METAL": 14.622769410079517, "FEDERAL_FACILITY_TOTAL": 211151.90000000002, "CLEAR_AIR_ACT_CHEMICAL_TOTAL": 60258571.11040438, "FEDERAL_FACILITY": 0.16683709798941607, "CARCINOGEN": 12.295029654245386, "CLEAR_AIR_ACT_CHEMICAL": 47.61200412143452}, "NC": {"METAL_TOTAL": 11596319.833442401, "CARCINOGEN_TOTAL": 2076411.7911044003, "FEDERAL_FACILITY_TOTAL": 2691490.2055000006, "METAL": 18.183535747189833, "CLEAR_AIR_ACT_CHEMICAL_TOTAL": 34668581.842150174, "FEDERAL_FACILITY": 4.220374141784286, "CARCINOGEN": 3.2559043361798343, "CLEAR_AIR_ACT_CHEMICAL": 54.36184981834696}, "ND": {"METAL_TOTAL": 3474379.0250426, "CARCINOGEN_TOTAL": 247572.9850426, "METAL": 16.35106579742556, "FEDERAL_FACILITY_TOTAL": 4127.9, "CLEAR_AIR_ACT_CHEMICAL_TOTAL": 5091251.9759626025, "FEDERAL_FACILITY": 0.019426655531448643, "CARCINOGEN": 1.1651239369449544, "CLEAR_AIR_ACT_CHEMICAL": 23.96036685986403}, "NE": {"METAL_TOTAL": 3765826.9773832993, "CARCINOGEN_TOTAL": 858972.0318460001, "METAL": 12.492561679759262, "FEDERAL_FACILITY_TOTAL": 379100.076, "CLEAR_AIR_ACT_CHEMICAL_TOTAL": 5221597.26624464, "FEDERAL_FACILITY": 1.2576071897817795, "CARCINOGEN": 2.8495098562602066, "CLEAR_AIR_ACT_CHEMICAL": 17.321859529709364}, "TN": {"METAL_TOTAL": 43483606.9430937, "CARCINOGEN_TOTAL": 3762568.443725, "METAL": 49.76997633177774, "FEDERAL_FACILITY_TOTAL": 19749105.072269067, "CLEAR_AIR_ACT_CHEMICAL_TOTAL": 45639620.204143815, "FEDERAL_FACILITY": 22.604207910050906, "CARCINOGEN": 4.306518146849112, "CLEAR_AIR_ACT_CHEMICAL": 52.23768166988116}, "NY": {"METAL_TOTAL": 3480391.462443799, "CARCINOGEN_TOTAL": 1171973.9899798005, "METAL": 15.663051744563644, "FEDERAL_FACILITY_TOTAL": 287492.50774999993, "CLEAR_AIR_ACT_CHEMICAL_TOTAL": 9204873.021523247, "FEDERAL_FACILITY": 1.2938228568980488, "CARCINOGEN": 5.274317399757946, "CLEAR_AIR_ACT_CHEMICAL": 41.42534079687154}, "PA": {"METAL_TOTAL": 54824637.72990172, "CARCINOGEN_TOTAL": 4115768.567962201, "FEDERAL_FACILITY_TOTAL": 242027.10197999998, "METAL": 44.71238435827974, "CLEAR_AIR_ACT_CHEMICAL_TOTAL": 61639676.04616694, "FEDERAL_FACILITY": 0.1973858698741232, "CARCINOGEN": 3.3566263957287146, "CLEAR_AIR_ACT_CHEMICAL": 50.270407634502135}, "AK": {"METAL_TOTAL": 696649629.7196212, "CARCINOGEN_TOTAL": 101610.7023, "FEDERAL_FACILITY_TOTAL": 281389.89978633914, "METAL": 99.60405899815709, "CLEAR_AIR_ACT_CHEMICAL_TOTAL": 219704668.2116412, "FEDERAL_FACILITY": 0.040231954463370946, "CARCINOGEN": 0.01452787449382078, "CLEAR_AIR_ACT_CHEMICAL": 31.41245728291024}, "NV": {"METAL_TOTAL": 232287462.84908804, "CARCINOGEN_TOTAL": 2198708.24464, "METAL": 95.80289895425585, "FEDERAL_FACILITY_TOTAL": 406088.6, "CLEAR_AIR_ACT_CHEMICAL_TOTAL": 170419015.3283544, "FEDERAL_FACILITY": 0.16748413640193135, "CARCINOGEN": 0.9068187374709282, "CLEAR_AIR_ACT_CHEMICAL": 70.28634049007269}, "VA": {"METAL_TOTAL": 8795798.068643004, "CARCINOGEN_TOTAL": 1380445.3852790003, "METAL": 15.29560301678948, "FEDERAL_FACILITY_TOTAL": 13438085.985908763, "CLEAR_AIR_ACT_CHEMICAL_TOTAL": 24641840.814119734, "FEDERAL_FACILITY": 23.36838873992628, "CARCINOGEN": 2.400549038848516, "CLEAR_AIR_ACT_CHEMICAL": 42.85134921859854}, "CO": {"METAL_TOTAL": 8474063.941959, "CARCINOGEN_TOTAL": 349411.26405899995, "METAL": 42.02807246529016, "FEDERAL_FACILITY_TOTAL": 390892.19999999995, "CLEAR_AIR_ACT_CHEMICAL_TOTAL": 9236039.89198579, "FEDERAL_FACILITY": 1.9386737957418378, "CARCINOGEN": 1.7329444321688054, "CLEAR_AIR_ACT_CHEMICAL": 45.80717782298835}, "CA": {"METAL_TOTAL": 14655274.0318134, "CARCINOGEN_TOTAL": 5877051.2983237, "FEDERAL_FACILITY_TOTAL": 1535615.3973000003, "METAL": 37.96040175560606, "CLEAR_AIR_ACT_CHEMICAL_TOTAL": 19340071.005825467, "FEDERAL_FACILITY": 3.9775835850672037, "CARCINOGEN": 15.222862973314783, "CLEAR_AIR_ACT_CHEMICAL": 50.09506228060893}, "AL": {"METAL_TOTAL": 34607351.86867461, "CARCINOGEN_TOTAL": 7331107.410969595, "METAL": 37.04355408757484, "FEDERAL_FACILITY": 5.3091322707359465, "FEDERAL_FACILITY_TOTAL": 4959972.473924223, "CLEAR_AIR_ACT_CHEMICAL_TOTAL": 45457123.52114808, "CARCINOGEN": 7.847184463307319, "CLEAR_AIR_ACT_CHEMICAL": 48.65710095967851}, "AS": {"CLEAR_AIR_ACT_CHEMICAL": 100.0, "CARCINOGEN": 100.0, "CARCINOGEN_TOTAL": 5.57,