{"WA": 10.387875792039674, "DE": 10.117716017868583, "DC": 10.000577445128837, "WI": 10.693753795162037, "WV": 10.784271948898335, "HI": 10.049380280954665, "FL": 11.412975508702646, "WY": 10.364788543960241, "NH": 10.041980410291808, "NJ": 10.271206077433689, "NM": 10.345134192507281, "TX": 14.149027261184019, "LA": 12.620088801738088, "NC": 11.1470866370505, "ND": 10.40176094320957, "NE": 10.529364107013787, "TN": 11.686199599373888, "NY": 10.367457231560694, "PA": 11.952672851045348, "AK": 30.0, "NV": 20.217597336319592, "VA": 10.905727923313323, "CO": 10.503840333905579, "CA": 10.725823181985202, "AL": 11.619987635382149, "AS": 10.0, "AR": 10.709463905325737, "VT": 10.006989448097555, "IL": 12.035798008187472, "GA": 11.418121267757904, "IN": 12.979297196376605, "IA": 10.768606419675613, "MA": 10.075342343886453, "AZ": 11.866064713277876, "ID": 11.044987263714821, "CT": 10.040279869569817, "ME": 10.206111879677929, "MD": 10.220934954328229, "OK": 10.770573089554743, "OH": 12.889372680677786, "UT": 13.782758938211709, "MO": 11.415594989585951, "MN": 10.483189357571053, "MI": 11.57531847591726, "RI": 10.005355086829962, "KS": 10.469290395056277, "MT": 10.651316542765418, "MS": 11.07900609854435, "SC": 10.989526138929115, "KY": 11.601393304350273, "OR": 10.51018426347097, "SD": 10.1134186263754}