{"WA": {"METAL_TOTAL": 22668427.29129111, "CARCINOGEN_TOTAL": 4771982.437948499, "METAL": 53.295565790636736, "FEDERAL_FACILITY_TOTAL": 10747836.693999998, "CLEAR_AIR_ACT_CHEMICAL_TOTAL": 25114956.285984375, "FEDERAL_FACILITY": 25.269156535273307, "CARCINOGEN": 11.219371361998084, "CLEAR_AIR_ACT_CHEMICAL": 59.04758137247945}, "DE": {"METAL_TOTAL": 1269233.9937356, "CARCINOGEN_TOTAL": 591552.1018548999, "FEDERAL_FACILITY_TOTAL": 16210.7, "METAL": 19.875468148390237, "CLEAR_AIR_ACT_CHEMICAL_TOTAL": 2045372.3861241303, "FEDERAL_FACILITY": 0.2538501593113079, "CARCINOGEN": 9.263362797214517, "CLEAR_AIR_ACT_CHEMICAL": 32.029345189816624}, "DC": {"METAL_TOTAL": 21191.913374000003, "CARCINOGEN_TOTAL": 774.249374, "METAL": 95.5565051472471, "FEDERAL_FACILITY_TOTAL": 20982.550074000002, "CLEAR_AIR_ACT_CHEMICAL_TOTAL": 13028.893374, "FEDERAL_FACILITY": 94.6124646115473, "CARCINOGEN": 3.4911696261770415, "CLEAR_AIR_ACT_CHEMICAL": 58.74861296304788}, "WI": {"METAL_TOTAL": 9359965.879716905, "CARCINOGEN_TOTAL": 1273451.7440257003, "FEDERAL_FACILITY_TOTAL": 63347.85, "METAL": 26.9834666310526, "CLEAR_AIR_ACT_CHEMICAL_TOTAL": 14616432.760282747, "FEDERAL_FACILITY": 0.18262295168490775, "CARCINOGEN": 3.671182468264779, "CLEAR_AIR_ACT_CHEMICAL": 42.13712215626607}, "WV": {"METAL_TOTAL": 9713083.563009497, "CARCINOGEN_TOTAL": 1008515.8754266994, "METAL": 30.61064628786916, "FEDERAL_FACILITY_TOTAL": 9965.8853, "CLEAR_AIR_ACT_CHEMICAL_TOTAL": 12307468.536650406, "FEDERAL_FACILITY": 0.03140734740773243, "CARCINOGEN": 3.178323602193149, "CLEAR_AIR_ACT_CHEMICAL": 38.786814056581164}, "HI": {"METAL_TOTAL": 335130.8491255999, "CARCINOGEN_TOTAL": 121653.09322420004, "FEDERAL_FACILITY_TOTAL": 798003.0, "METAL": 13.041729046168138, "CLEAR_AIR_ACT_CHEMICAL_TOTAL": 309070.7464558104, "FEDERAL_FACILITY": 31.05455356074625, "CARCINOGEN": 4.734170798056369, "CLEAR_AIR_ACT_CHEMICAL": 12.027591437465507}, "FL": {"METAL_TOTAL": 8694294.046417495, "CARCINOGEN_TOTAL": 3211720.4332923004, "METAL": 14.153436097169761, "FEDERAL_FACILITY_TOTAL": 493123.60408, "CLEAR_AIR_ACT_CHEMICAL_TOTAL": 19343218.073589027, "FEDERAL_FACILITY": 0.8027556212258773, "CARCINOGEN": 5.2283577794688885, "CLEAR_AIR_ACT_CHEMICAL": 31.488813175230746}, "WY": {"METAL_TOTAL": 2776148.9498740006, "CARCINOGEN_TOTAL": 188211.04739999998, "METAL": 13.530384648967573, "FEDERAL_FACILITY_TOTAL": 29136.1, "CLEAR_AIR_ACT_CHEMICAL_TOTAL": 3168760.226074273, "FEDERAL_FACILITY": 0.14200341814825046, "CARCINOGEN": 0.9173023178827086, "CLEAR_AIR_ACT_CHEMICAL": 15.44389205812616}, "NH": {"METAL_TOTAL": 113049.05758959998, "CARCINOGEN_TOTAL": 62672.284299599996, "METAL": 22.435073684756844, "FEDERAL_FACILITY_TOTAL": 1107.719, "CLEAR_AIR_ACT_CHEMICAL_TOTAL": 203307.3780069979, "FEDERAL_FACILITY": 0.21983161927120232, "CARCINOGEN": 12.437585471591817, "CLEAR_AIR_ACT_CHEMICAL": 40.34722715513661}, "NJ": {"METAL_TOTAL": 56085566.68874832, "CARCINOGEN_TOTAL": 944038.5435301996, "METAL": 71.05576051042782, "FEDERAL_FACILITY_TOTAL": 118479.8003003, "CLEAR_AIR_ACT_CHEMICAL_TOTAL": 43576070.73994911, "FEDERAL_FACILITY": 0.15010407868715273, "CARCINOGEN": 1.1960185235170702, "CLEAR_AIR_ACT_CHEMICAL": 55.207266847576655}, "NM": {"METAL_TOTAL": 10635261.2427223, "CARCINOGEN_TOTAL": 367742.23172230006, "METAL": 46.6755071489595, "FEDERAL_FACILITY_TOTAL": 139970.383, "CLEAR_AIR_ACT_CHEMICAL_TOTAL": 16143572.554416247, "FEDERAL_FACILITY": 0.6142950759042006, "CARCINOGEN": 1.613928870574216, "CLEAR_AIR_ACT_CHEMICAL": 70.8501106814868}, "TX": {"METAL_TOTAL": 30784803.924684104, "CARCINOGEN_TOTAL": 23373714.534947805, "FEDERAL_FACILITY_TOTAL": 1086618.5907367, "METAL": 12.601790756782453, "CLEAR_AIR_ACT_CHEMICAL_TOTAL": 118381682.96419084, "FEDERAL_FACILITY": 0.44480842387025965, "CARCINOGEN": 9.568053787147822, "CLEAR_AIR_ACT_CHEMICAL": 48.459662169694944}, "LA": {"METAL_TOTAL": 19185009.547576804, "CARCINOGEN_TOTAL": 21177195.657627307, "METAL": 13.176993894887767, "FEDERAL_FACILITY_TOTAL": 111766.47, "CLEAR_AIR_ACT_CHEMICAL_TOTAL": 67085434.56458862, "FEDERAL_FACILITY": 0.07676546051180749, "CARCINOGEN": 14.545303050247627, "CLEAR_AIR_ACT_CHEMICAL": 46.07682677985064}, "NC": {"METAL_TOTAL": 27250632.1021334, "CARCINOGEN_TOTAL": 2442343.424621102, "FEDERAL_FACILITY_TOTAL": 1409775.02347, "METAL": 42.05974807070682, "CLEAR_AIR_ACT_CHEMICAL_TOTAL": 25290376.35761714, "FEDERAL_FACILITY": 2.1759048414469953, "CARCINOGEN": 3.7696134444407536, "CLEAR_AIR_ACT_CHEMICAL": 39.03420860947519}, "ND": {"METAL_TOTAL": 4159885.9982523997, "CARCINOGEN_TOTAL": 531199.7169583999, "METAL": 8.215911585114007, "FEDERAL_FACILITY_TOTAL": 9229.300000000001, "CLEAR_AIR_ACT_CHEMICAL_TOTAL": 5881093.881779655, "FEDERAL_FACILITY": 0.018228170873997095, "CARCINOGEN": 1.0491369019250218, "CLEAR_AIR_ACT_CHEMICAL": 11.615353732471414}, "NE": {"METAL_TOTAL": 1837280.9129381997, "CARCINOGEN_TOTAL": 841837.2301705998, "METAL": 8.34514518960645, "FEDERAL_FACILITY_TOTAL": 4244, "CLEAR_AIR_ACT_CHEMICAL_TOTAL": 4639243.532968065, "FEDERAL_FACILITY": 0.019276745289891924, "CARCINOGEN": 3.8237233415520198, "CLEAR_AIR_ACT_CHEMICAL": 21.07198772921859}, "TN": {"METAL_TOTAL": 38799265.93093981, "CARCINOGEN_TOTAL": 3700151.962514001, "METAL": 48.34507421943341, "FEDERAL_FACILITY_TOTAL": 12990978.307329305, "CLEAR_AIR_ACT_CHEMICAL_TOTAL": 39632923.5483532, "FEDERAL_FACILITY": 16.18715703458856, "CARCINOGEN": 4.610502723668116, "CLEAR_AIR_ACT_CHEMICAL": 49.383837155288525}, "NY": {"METAL_TOTAL": 2623992.9747032016, "CARCINOGEN_TOTAL": 889539.0776972, "METAL": 13.722378110578912, "FEDERAL_FACILITY_TOTAL": 225933.890566, "CLEAR_AIR_ACT_CHEMICAL_TOTAL": 6094927.293519977, "FEDERAL_FACILITY": 1.1815390910836905, "CARCINOGEN": 4.65191472918379, "CLEAR_AIR_ACT_CHEMICAL": 31.873902744586662}, "PA": {"METAL_TOTAL": 30426383.278072394, "CARCINOGEN_TOTAL": 4638062.006825103, "METAL": 45.02793832921755, "FEDERAL_FACILITY_TOTAL": 157754.53559999997, "CLEAR_AIR_ACT_CHEMICAL_TOTAL": 32774259.62203472, "FEDERAL_FACILITY": 0.2334605935655318, "CARCINOGEN": 6.863857859863209, "CLEAR_AIR_ACT_CHEMICAL": 48.502555415789075}, "AK": {"METAL_TOTAL": 598491272.482601, "CARCINOGEN_TOTAL": 374092.4952, "METAL": 99.15916634601261, "FEDERAL_FACILITY": 0.0705813221868908, "FEDERAL_FACILITY_TOTAL": 426005.04709502694, "CLEAR_AIR_ACT_CHEMICAL_TOTAL": 248178143.82730636, "CARCINOGEN": 0.0619803523724903, "CLEAR_AIR_ACT_CHEMICAL": 41.118624412241424}, "NV": {"METAL_TOTAL": 314220558.91855174, "CARCINOGEN_TOTAL": 5111172.4233, "METAL": 97.06607326811006, "FEDERAL_FACILITY_TOTAL": 1285837.19235, "CLEAR_AIR_ACT_CHEMICAL_TOTAL": 278150431.97023803, "FEDERAL_FACILITY": 0.39720878720688035, "CARCINOGEN": 1.5788955332314194, "CLEAR_AIR_ACT_CHEMICAL": 85.92362734666867}, "VA": {"METAL_TOTAL": 5797728.799494998, "CARCINOGEN_TOTAL": 1685381.1362059996, "METAL": 13.730835437530148, "FEDERAL_FACILITY_TOTAL": 10767427.741785606, "CLEAR_AIR_ACT_CHEMICAL_TOTAL": 17116238.133575607, "FEDERAL_FACILITY": 25.500637149642618, "CARCINOGEN": 3.9915097499520655, "CLEAR_AIR_ACT_CHEMICAL": 40.536606186577046}, "CO": {"METAL_TOTAL": 16423450.068316005, "CARCINOGEN_TOTAL": 513896.7624759999, "METAL": 58.53630234032078, "FEDERAL_FACILITY_TOTAL": 534594.0109999999, "CLEAR_AIR_ACT_CHEMICAL_TOTAL": 16418260.082519425, "FEDERAL_FACILITY": 1.9053948182051763, "CARCINOGEN": 1.8316258846270288, "CLEAR_AIR_ACT_CHEMICAL": 58.51780424299854}, "CA": {"METAL_TOTAL": 11848341.20394319, "CARCINOGEN_TOTAL": 4301966.5162037, "FEDERAL_FACILITY_TOTAL": 1522135.4874999996, "METAL": 29.003663218802306, "CLEAR_AIR_ACT_CHEMICAL_TOTAL": 19579108.96527364, "FEDERAL_FACILITY": 3.7260494353542875, "CARCINOGEN": 10.530823333565992, "CLEAR_AIR_ACT_CHEMICAL": 47.92788060188889}, "AL": {"METAL_TOTAL": 31960214.51664358, "CARCINOGEN_TOTAL": 7617858.326702, "METAL": 35.400714569637834, "FEDERAL_FACILITY_TOTAL": 4129393.237957927, "CLEAR_AIR_ACT_CHEMICAL_TOTAL": 48489069.97805002, "FEDERAL_FACILITY": 4.5739202184207715, "CARCINOGEN": 8.43791671407835,