{"WA": 10.44082634948811, "DE": 10.172367748416677, "DC": 10.0, "WI": 10.797529407388925, "WV": 10.934548150834834, "HI": 10.060827257953763, "FL": 11.444340534044168, "WY": 10.390800025602474, "NH": 10.018242707714952, "NJ": 10.297617033456463, "NM": 10.628317451341827, "TX": 15.266452321408249, "LA": 13.380762402651564, "NC": 11.311057633176503, "ND": 10.964080181902736, "NE": 10.5560759382326, "TN": 11.816858385078799, "NY": 10.404819582748017, "PA": 12.265765839996536, "AK": 30.0, "NV": 16.503066894795218, "VA": 10.977576290643475, "CO": 10.649948585365891, "CA": 10.773148921605102, "AL": 11.894402396041261, "AS": 10.000881894188312, "AR": 10.961430253134878, "VT": 10.006466487348519, "IL": 12.669069291529222, "GA": 11.557427798834496, "IN": 13.384099362772508, "IA": 10.929676359302263, "MA": 10.084235394562869, "AZ": 11.968460640716344, "ID": 10.891536606088735, "CT": 10.050057195810433, "ME": 10.273809838318378, "MD": 10.18789932851394, "OK": 11.5171025998316, "OH": 12.833376593195347, "UT": 14.408488642269727, "MO": 11.61366552157989, "MN": 10.626922239290108, "MI": 11.625890184214825, "RI": 10.00594627353252, "KS": 10.485152632143565, "MT": 10.776293782012043, "MS": 11.327958916015795, "SC": 11.129352874656666, "KY": 11.780092121360441, "OR": 10.643362850582223, "SD": 10.118199935164917}