{"WA": {"METAL_TOTAL": 7277613.4979906, "CARCINOGEN_TOTAL": 5275843.2608643975, "METAL": 32.732878939307426, "FEDERAL_FACILITY_TOTAL": 4380105.221, "CLEAR_AIR_ACT_CHEMICAL_TOTAL": 15189497.778494362, "FEDERAL_FACILITY": 19.70061394164554, "CARCINOGEN": 23.729418827795286, "CLEAR_AIR_ACT_CHEMICAL": 68.31854866566}, "DE": {"METAL_TOTAL": 2081491.1506309996, "CARCINOGEN_TOTAL": 420947.38997020014, "FEDERAL_FACILITY_TOTAL": 202, "METAL": 33.24577017467447, "CLEAR_AIR_ACT_CHEMICAL_TOTAL": 2676902.3754590484, "FEDERAL_FACILITY": 0.0032263627799947207, "CARCINOGEN": 6.723410848196915, "CLEAR_AIR_ACT_CHEMICAL": 42.755733613170925}, "DC": {"METAL_TOTAL": 19044.528820199997, "CARCINOGEN_TOTAL": 568258.5068202, "METAL": 3.2363020587030076, "FEDERAL_FACILITY": 3.2077235555029464, "FEDERAL_FACILITY_TOTAL": 18876.3541202, "CLEAR_AIR_ACT_CHEMICAL_TOTAL": 579081.9288201999, "CARCINOGEN": 96.56611580471738, "CLEAR_AIR_ACT_CHEMICAL": 98.40537700311774}, "WI": {"METAL_TOTAL": 9411791.926703399, "CARCINOGEN_TOTAL": 1288028.730257799, "METAL": 24.495839839405956, "FEDERAL_FACILITY_TOTAL": 89698.33, "CLEAR_AIR_ACT_CHEMICAL_TOTAL": 17283321.735185023, "FEDERAL_FACILITY": 0.2334556418855928, "CARCINOGEN": 3.352320762152646, "CLEAR_AIR_ACT_CHEMICAL": 44.982877268761165}, "WV": {"METAL_TOTAL": 10804608.489629304, "CARCINOGEN_TOTAL": 1333622.7229395998, "FEDERAL_FACILITY_TOTAL": 10400.471500000001, "METAL": 29.303584096479106, "CLEAR_AIR_ACT_CHEMICAL_TOTAL": 15089970.917538693, "FEDERAL_FACILITY": 0.02820750900283113, "CARCINOGEN": 3.616968227228825, "CLEAR_AIR_ACT_CHEMICAL": 40.9260763330713}, "HI": {"METAL_TOTAL": 526404.1579176, "CARCINOGEN_TOTAL": 228384.09326600004, "METAL": 19.70235426776031, "FEDERAL_FACILITY_TOTAL": 905275, "CLEAR_AIR_ACT_CHEMICAL_TOTAL": 443494.99843662255, "FEDERAL_FACILITY": 33.882803719302416, "CARCINOGEN": 8.548002987758125, "CLEAR_AIR_ACT_CHEMICAL": 16.599214583988747}, "FL": {"METAL_TOTAL": 8863877.070942204, "CARCINOGEN_TOTAL": 3524253.3155909977, "METAL": 13.590900631436867, "FEDERAL_FACILITY_TOTAL": 532279.78288, "CLEAR_AIR_ACT_CHEMICAL_TOTAL": 21043484.53968567, "FEDERAL_FACILITY": 0.8161396620627885, "CARCINOGEN": 5.4037049734397735, "CLEAR_AIR_ACT_CHEMICAL": 32.26577997743429}, "WY": {"METAL_TOTAL": 2752774.1891630003, "CARCINOGEN_TOTAL": 203516.42177000002, "FEDERAL_FACILITY_TOTAL": 175.1, "METAL": 14.981778136997741, "CLEAR_AIR_ACT_CHEMICAL_TOTAL": 3773037.343750185, "FEDERAL_FACILITY": 0.0009529693216812454, "CARCINOGEN": 1.107623680212171, "CLEAR_AIR_ACT_CHEMICAL": 20.534487939186874}, "NH": {"METAL_TOTAL": 161915.9835996, "CARCINOGEN_TOTAL": 87545.16181990001, "FEDERAL_FACILITY_TOTAL": 835.32, "METAL": 20.882034313642144, "CLEAR_AIR_ACT_CHEMICAL_TOTAL": 251181.939410931, "FEDERAL_FACILITY": 0.10772982700711364, "CARCINOGEN": 11.290553486289802, "CLEAR_AIR_ACT_CHEMICAL": 32.39451573055942}, "NJ": {"METAL_TOTAL": 2459853.90466, "CARCINOGEN_TOTAL": 802881.1193153005, "METAL": 17.92246612886128, "FEDERAL_FACILITY_TOTAL": 168502.46, "CLEAR_AIR_ACT_CHEMICAL_TOTAL": 3237165.4279513354, "FEDERAL_FACILITY": 1.2277069082268213, "CARCINOGEN": 5.849782232664599, "CLEAR_AIR_ACT_CHEMICAL": 23.585948590714278}, "NM": {"METAL_TOTAL": 12457553.1322, "CARCINOGEN_TOTAL": 339514.40619999997, "METAL": 52.60211702431635, "FEDERAL_FACILITY_TOTAL": 145032.276, "CLEAR_AIR_ACT_CHEMICAL_TOTAL": 16197859.089451712, "FEDERAL_FACILITY": 0.6123999370900269, "CARCINOGEN": 1.4336022762135914, "CLEAR_AIR_ACT_CHEMICAL": 68.39558863003259}, "TX": {"METAL_TOTAL": 41691733.59407106, "CARCINOGEN_TOTAL": 27279642.504910655, "FEDERAL_FACILITY_TOTAL": 2061527.0071003998, "METAL": 16.085774784746135, "CLEAR_AIR_ACT_CHEMICAL_TOTAL": 121093125.62878327, "FEDERAL_FACILITY": 0.7953917069451055, "CARCINOGEN": 10.525208421766948, "CLEAR_AIR_ACT_CHEMICAL": 46.72093431784241}, "LA": {"METAL_TOTAL": 19252664.097403992, "CARCINOGEN_TOTAL": 20585132.664817985, "FEDERAL_FACILITY_TOTAL": 102388.051924, "METAL": 13.433913484749263, "CLEAR_AIR_ACT_CHEMICAL_TOTAL": 66953729.119393975, "FEDERAL_FACILITY": 0.07144321557059205, "CARCINOGEN": 14.363668835241302, "CLEAR_AIR_ACT_CHEMICAL": 46.71824117019509}, "NC": {"METAL_TOTAL": 21486904.2701387, "CARCINOGEN_TOTAL": 3143741.996575502, "METAL": 34.3162337577718, "FEDERAL_FACILITY_TOTAL": 1742658.8663999997, "CLEAR_AIR_ACT_CHEMICAL_TOTAL": 26504740.496341184, "FEDERAL_FACILITY": 2.783159838550813, "CARCINOGEN": 5.02079703396532, "CLEAR_AIR_ACT_CHEMICAL": 42.33010298396295}, "ND": {"METAL_TOTAL": 5141010.8143556, "CARCINOGEN_TOTAL": 671129.2436885999, "METAL": 10.471771213759231, "FEDERAL_FACILITY_TOTAL": 6024.599999999999, "CLEAR_AIR_ACT_CHEMICAL_TOTAL": 7271870.651305713, "FEDERAL_FACILITY": 0.012271561981205763, "CARCINOGEN": 1.367029198838828, "CLEAR_AIR_ACT_CHEMICAL": 14.812138800386613}, "NE": {"METAL_TOTAL": 2914827.3475350006, "CARCINOGEN_TOTAL": 924754.1087091998, "METAL": 10.585767951003396, "FEDERAL_FACILITY_TOTAL": 3153.7, "CLEAR_AIR_ACT_CHEMICAL_TOTAL": 4791113.523058278, "FEDERAL_FACILITY": 0.011453280900260435, "CARCINOGEN": 3.3584261568051623, "CLEAR_AIR_ACT_CHEMICAL": 17.399869678353316}, "TN": {"METAL_TOTAL": 41681615.53995221, "CARCINOGEN_TOTAL": 4034457.338318001, "FEDERAL_FACILITY_TOTAL": 14444463.458533926, "METAL": 49.133568904170424, "CLEAR_AIR_ACT_CHEMICAL_TOTAL": 40822555.18261825, "FEDERAL_FACILITY": 17.026884189346905, "CARCINOGEN": 4.755748668934889, "CLEAR_AIR_ACT_CHEMICAL": 48.12092338376223}, "NY": {"METAL_TOTAL": 2758310.1722058984, "CARCINOGEN_TOTAL": 1039984.7598687003, "FEDERAL_FACILITY_TOTAL": 325443.408885, "METAL": 14.929212086532505, "CLEAR_AIR_ACT_CHEMICAL_TOTAL": 6196373.314807269, "FEDERAL_FACILITY": 1.7614457294781722, "CARCINOGEN": 5.628864078917093, "CLEAR_AIR_ACT_CHEMICAL": 33.53755219997892}, "PA": {"METAL_TOTAL": 41832292.69364103, "CARCINOGEN_TOTAL": 5673358.4529756, "FEDERAL_FACILITY_TOTAL": 140875.3693, "METAL": 47.38415477533559, "CLEAR_AIR_ACT_CHEMICAL_TOTAL": 40618041.50787698, "FEDERAL_FACILITY": 0.15957194485681328, "CARCINOGEN": 6.426310338773734, "CLEAR_AIR_ACT_CHEMICAL": 46.0087516497229}, "AK": {"METAL_TOTAL": 1149691461.9807, "CARCINOGEN_TOTAL": 240470.5651599999, "FEDERAL_FACILITY_TOTAL": 443353.91498369357, "METAL": 98.76725905020265, "CLEAR_AIR_ACT_CHEMICAL_TOTAL": 447037129.1286724, "FEDERAL_FACILITY": 0.038087480354665, "CARCINOGEN": 0.020658254313021117, "CLEAR_AIR_ACT_CHEMICAL": 38.40389652163189}, "NV": {"METAL_TOTAL": 275784038.378937, "CARCINOGEN_TOTAL": 5267665.9238, "METAL": 96.1889404295955, "FEDERAL_FACILITY_TOTAL": 1283211.795, "CLEAR_AIR_ACT_CHEMICAL_TOTAL": 234420182.3481161, "FEDERAL_FACILITY": 0.44756318615586826, "CARCINOGEN": 1.8372753068877639, "CLEAR_AIR_ACT_CHEMICAL": 81.76190720796988}, "VA": {"METAL_TOTAL": 5654668.961208, "CARCINOGEN_TOTAL": 2805795.8175359988, "METAL": 12.482159257049869, "FEDERAL_FACILITY_TOTAL": 10034867.565324496, "CLEAR_AIR_ACT_CHEMICAL_TOTAL": 20973924.690664787, "FEDERAL_FACILITY": 22.151042958140945, "CARCINOGEN": 6.193535019911578, "CLEAR_AIR_ACT_CHEMICAL": 46.298000825555015}, "CO": {"METAL_TOTAL": 15530465.333677998, "CARCINOGEN_TOTAL": 1080437.2770479997, "FEDERAL_FACILITY_TOTAL": 724966.6869999999, "METAL": 52.10786245018616, "CLEAR_AIR_ACT_CHEMICAL_TOTAL": 15936818.875410767, "FEDERAL_FACILITY": 2.432410336427232, "CARCINOGEN": 3.625086293865593, "CLEAR_AIR_ACT_CHEMICAL": 53.47126103508501}, "CA": {"METAL_TOTAL": 10746074.3298899, "CARCINOGEN_TOTAL": 4093940.615847502, "METAL": 31.12808614460054, "FEDERAL_FACILITY_TOTAL": 1335572.9000000004, "CLEAR_AIR_ACT_CHEMICAL_TOTAL": 18775993.198276408, "FEDERAL_FACILITY": 3.8687456467667976, "CARCINOGEN": 11.858892117144485, "CLEAR_AIR_ACT_CHEMICAL": 54.388301791354735}, "AL": {"METAL_TOTAL": 30676019.11695809, "CARCINOGEN_TOTAL": 6664345.261227203, "METAL": 33.38527504930601, "FEDERAL_FACILITY_TOTAL": 5629040.851892513, "CLEAR_AIR_ACT_CHEMICAL_TOTAL": 47286302.72631796, "FEDERAL_FACILITY": 6.126188550988446, "CARCINOGEN": 7.25292935570683, "CLEAR_AIR_ACT_CHEMICAL": 51.46255179213156},