{"WA": {"METAL_TOTAL": 8004689.293539799, "CARCINOGEN_TOTAL": 5646540.922436898, "FEDERAL_FACILITY_TOTAL": 4556048.79, "METAL": 35.63961808290495, "CLEAR_AIR_ACT_CHEMICAL_TOTAL": 14556510.585567648, "FEDERAL_FACILITY": 20.28508951293425, "CARCINOGEN": 25.140333944948555, "CLEAR_AIR_ACT_CHEMICAL": 64.81057026261887}, "DE": {"METAL_TOTAL": 4505738.7393, "CARCINOGEN_TOTAL": 248539.8008, "METAL": 50.81254085659197, "FEDERAL_FACILITY_TOTAL": 401, "CLEAR_AIR_ACT_CHEMICAL_TOTAL": 7487782.8289145045, "FEDERAL_FACILITY": 0.004522194930161201, "CARCINOGEN": 2.802856426735748, "CLEAR_AIR_ACT_CHEMICAL": 84.44192904505054}, "DC": {"METAL_TOTAL": 20803.6330625, "CARCINOGEN_TOTAL": 1045.8407625, "METAL": 84.68859446757358, "FEDERAL_FACILITY": 89.32398224433078, "FEDERAL_FACILITY_TOTAL": 21942.3094925, "CLEAR_AIR_ACT_CHEMICAL_TOTAL": 14651.458105497906, "CARCINOGEN": 4.2574671427307305, "CLEAR_AIR_ACT_CHEMICAL": 59.64397613279409}, "WI": {"METAL_TOTAL": 10147836.464077502, "CARCINOGEN_TOTAL": 1846487.6126028995, "METAL": 26.707974132578393, "FEDERAL_FACILITY_TOTAL": 95666.4, "CLEAR_AIR_ACT_CHEMICAL_TOTAL": 17227998.36418757, "FEDERAL_FACILITY": 0.2517832984007559, "CARCINOGEN": 4.859749520806629, "CLEAR_AIR_ACT_CHEMICAL": 45.34217084554215}, "WV": {"METAL_TOTAL": 13519544.866700005, "CARCINOGEN_TOTAL": 1139299.1385999997, "METAL": 28.970979849650636, "FEDERAL_FACILITY_TOTAL": 11588.93, "CLEAR_AIR_ACT_CHEMICAL_TOTAL": 22016483.13233394, "FEDERAL_FACILITY": 0.02483387279818713, "CARCINOGEN": 2.4413996708131434, "CLEAR_AIR_ACT_CHEMICAL": 47.179035646242895}, "HI": {"METAL_TOTAL": 232441.122, "CARCINOGEN_TOTAL": 104720.375, "FEDERAL_FACILITY_TOTAL": 615151.1000000001, "METAL": 9.313696946982223, "CLEAR_AIR_ACT_CHEMICAL_TOTAL": 398239.4140790264, "FEDERAL_FACILITY": 24.64852549628786, "CARCINOGEN": 4.196046846324952, "CLEAR_AIR_ACT_CHEMICAL": 15.957078434149949}, "FL": {"METAL_TOTAL": 9436895.4288205, "CARCINOGEN_TOTAL": 2857697.652266099, "METAL": 11.576234472951974, "FEDERAL_FACILITY": 0.6072199380506547, "FEDERAL_FACILITY_TOTAL": 495003.02287999995, "CLEAR_AIR_ACT_CHEMICAL_TOTAL": 26588853.723195665, "CARCINOGEN": 3.5055361506290974, "CLEAR_AIR_ACT_CHEMICAL": 32.61653235307772}, "WY": {"METAL_TOTAL": 2371391.1985538, "CARCINOGEN_TOTAL": 273415.1745125, "METAL": 10.607729696443982, "FEDERAL_FACILITY_TOTAL": 391, "CLEAR_AIR_ACT_CHEMICAL_TOTAL": 3529990.5521815326, "FEDERAL_FACILITY": 0.0017490249242044236, "CARCINOGEN": 1.2230433628595, "CLEAR_AIR_ACT_CHEMICAL": 15.790387360541269}, "NH": {"METAL_TOTAL": 176585.593479, "CARCINOGEN_TOTAL": 94714.06739500006, "METAL": 5.30377489619245, "CLEAR_AIR_ACT_CHEMICAL_TOTAL": 2302744.7868021354, "CARCINOGEN": 2.8447512793597225, "CLEAR_AIR_ACT_CHEMICAL": 69.1632864944423}, "NJ": {"METAL_TOTAL": 3021964.833042002, "CARCINOGEN_TOTAL": 360831.2649323997, "METAL": 18.11808623603845, "FEDERAL_FACILITY_TOTAL": 256105.680134, "CLEAR_AIR_ACT_CHEMICAL_TOTAL": 3910137.541866624, "FEDERAL_FACILITY": 1.5354727981848089, "CARCINOGEN": 2.1633514405007603, "CLEAR_AIR_ACT_CHEMICAL": 23.44309516897884}, "NM": {"METAL_TOTAL": 6232134.852100002, "CARCINOGEN_TOTAL": 233743.87600000008, "METAL": 39.88661416073725, "FEDERAL_FACILITY_TOTAL": 235978.41199999998, "CLEAR_AIR_ACT_CHEMICAL_TOTAL": 5363360.707572741, "FEDERAL_FACILITY": 1.5102978502680922, "CARCINOGEN": 1.4959964788479536, "CLEAR_AIR_ACT_CHEMICAL": 34.326327049185615}, "TX": {"METAL_TOTAL": 34730511.99201542, "CARCINOGEN_TOTAL": 26447554.098084804, "METAL": 16.16843839469601, "FEDERAL_FACILITY_TOTAL": 1462568.1849000002, "CLEAR_AIR_ACT_CHEMICAL_TOTAL": 100165115.86080481, "FEDERAL_FACILITY": 0.6808838176942105, "CARCINOGEN": 12.312391168422263, "CLEAR_AIR_ACT_CHEMICAL": 46.63085604569661}, "LA": {"METAL_TOTAL": 20463123.31583499, "CARCINOGEN_TOTAL": 19877196.101440992, "METAL": 14.367700204002348, "FEDERAL_FACILITY_TOTAL": 112413.49, "CLEAR_AIR_ACT_CHEMICAL_TOTAL": 70202456.98000388, "FEDERAL_FACILITY": 0.07892848507421076, "CARCINOGEN": 13.956305206872818, "CLEAR_AIR_ACT_CHEMICAL": 49.29100215569464}, "NC": {"METAL_TOTAL": 15295132.380253004, "CARCINOGEN_TOTAL": 2279895.754856001, "METAL": 22.838875067265352, "FEDERAL_FACILITY_TOTAL": 2203943.6599999997, "CLEAR_AIR_ACT_CHEMICAL_TOTAL": 36613918.85623653, "FEDERAL_FACILITY": 3.2909550996118226, "CARCINOGEN": 3.404367678358304, "CLEAR_AIR_ACT_CHEMICAL": 54.6723426572098}, "ND": {"METAL_TOTAL": 3848217.8493010006, "CARCINOGEN_TOTAL": 650454.244331, "METAL": 18.217719656456953, "FEDERAL_FACILITY_TOTAL": 4211.2300000000005, "CLEAR_AIR_ACT_CHEMICAL_TOTAL": 6048371.710618293, "FEDERAL_FACILITY": 0.019936243360753773, "CARCINOGEN": 3.079293724165626, "CLEAR_AIR_ACT_CHEMICAL": 28.63339460423317}, "NE": {"METAL_TOTAL": 4205640.516959299, "CARCINOGEN_TOTAL": 800326.0592289, "METAL": 13.064636952576954, "FEDERAL_FACILITY_TOTAL": 43829.994, "CLEAR_AIR_ACT_CHEMICAL_TOTAL": 5150865.555249435, "FEDERAL_FACILITY": 0.13615594507769194, "CARCINOGEN": 2.486177638185753, "CLEAR_AIR_ACT_CHEMICAL": 16.000936884525178}, "TN": {"METAL_TOTAL": 40365437.38710654, "CARCINOGEN_TOTAL": 3240345.097029802, "FEDERAL_FACILITY_TOTAL": 24504960.64950475, "METAL": 45.58434599370182, "CLEAR_AIR_ACT_CHEMICAL_TOTAL": 47878351.87868916, "FEDERAL_FACILITY": 27.673244169178172, "CARCINOGEN": 3.6592942280165346, "CLEAR_AIR_ACT_CHEMICAL": 54.06861659186435}, "NY": {"METAL_TOTAL": 4256288.670818001, "CARCINOGEN_TOTAL": 1433478.7765434012, "METAL": 19.4051863905672, "FEDERAL_FACILITY_TOTAL": 532446.5126900001, "CLEAR_AIR_ACT_CHEMICAL_TOTAL": 9228591.454360602, "FEDERAL_FACILITY": 2.4275195177894835, "CARCINOGEN": 6.535487838610556, "CLEAR_AIR_ACT_CHEMICAL": 42.07481003863535}, "PA": {"METAL_TOTAL": 56149554.43292407, "CARCINOGEN_TOTAL": 4100471.2844744986, "METAL": 49.55962056019266, "FEDERAL_FACILITY_TOTAL": 222014.029, "CLEAR_AIR_ACT_CHEMICAL_TOTAL": 50270748.46725391, "FEDERAL_FACILITY": 0.19595758412337266, "CARCINOGEN": 3.6192237503733846, "CLEAR_AIR_ACT_CHEMICAL": 44.3707745230677}, "AK": {"METAL_TOTAL": 831970056.9724017, "CARCINOGEN_TOTAL": 116996.379, "METAL": 99.50581381038887, "FEDERAL_FACILITY_TOTAL": 387065.13652514055, "CLEAR_AIR_ACT_CHEMICAL_TOTAL": 347781453.15762645, "FEDERAL_FACILITY": 0.04629401152695693, "CARCINOGEN": 0.013993075601337267, "CLEAR_AIR_ACT_CHEMICAL": 41.595579353593514}, "NV": {"METAL_TOTAL": 378967202.119598, "CARCINOGEN_TOTAL": 1831603.4065999999, "FEDERAL_FACILITY_TOTAL": 610440.90927, "METAL": 97.41808699570608, "CLEAR_AIR_ACT_CHEMICAL_TOTAL": 328479500.4026628, "FEDERAL_FACILITY": 0.15692119337080607, "CARCINOGEN": 0.47083573197840856, "CLEAR_AIR_ACT_CHEMICAL": 84.43961474120883}, "VA": {"METAL_TOTAL": 7096876.244378998, "CARCINOGEN_TOTAL": 1192881.3007079992, "METAL": 13.30901723189607, "FEDERAL_FACILITY": 24.841899944419556, "FEDERAL_FACILITY_TOTAL": 13246649.734457856, "CLEAR_AIR_ACT_CHEMICAL_TOTAL": 23002545.00602347, "CARCINOGEN": 2.237051519575789, "CLEAR_AIR_ACT_CHEMICAL": 43.13746743225332}, "CO": {"METAL_TOTAL": 10868640.563600002, "CARCINOGEN_TOTAL": 1044861.5405, "FEDERAL_FACILITY_TOTAL": 438692.66, "METAL": 46.93336470176857, "CLEAR_AIR_ACT_CHEMICAL_TOTAL": 11332980.405567013, "FEDERAL_FACILITY": 1.89437883084701, "CARCINOGEN": 4.511959656424149, "CLEAR_AIR_ACT_CHEMICAL": 48.93849414008913}, "CA": {"METAL_TOTAL": 12097396.305385487, "CARCINOGEN_TOTAL": 6850618.779125993, "METAL": 33.185543024783485, "FEDERAL_FACILITY_TOTAL": 1376466.8300000005, "CLEAR_AIR_ACT_CHEMICAL_TOTAL": 20789379.974573445, "FEDERAL_FACILITY": 3.775919880281774, "CARCINOGEN": 18.7925978865277, "CLEAR_AIR_ACT_CHEMICAL": 57.029367823359486}, "AL": {"METAL_TOTAL": 36069708.160246, "CARCINOGEN_TOTAL": 7377262.857131194, "METAL": 38.10304934534012, "FEDERAL_FACILITY_TOTAL": 6283451.285732012, "CLEAR_AIR_ACT_CHEMICAL_TOTAL": 47057375.18176924, "FEDERAL_FACILITY": 6.637665415412522, "CARCINOGEN": 7.7931379269828165, "CLEAR_AIR_ACT_CHEMICAL": 49.710119101803905}, "AS": {"CLEAR_AIR_ACT_CHEMICAL": 100.0, "CARCINOGEN": 100.0, "CARCINOGEN_TOTAL": 4.66,