{"WA": {"METAL_TOTAL": 5167446.546343798, "CARCINOGEN_TOTAL": 2250505.7100427994, "METAL": 26.70403879693332, "FEDERAL_FACILITY_TOTAL": 1473029.91, "CLEAR_AIR_ACT_CHEMICAL_TOTAL": 12476432.650237434, "FEDERAL_FACILITY": 7.612240883945881, "CARCINOGEN": 11.630036470570683, "CLEAR_AIR_ACT_CHEMICAL": 64.47500492772387}, "DE": {"METAL_TOTAL": 2226595.5570554007, "CARCINOGEN_TOTAL": 432587.10289610014, "METAL": 29.36305326120786, "FEDERAL_FACILITY_TOTAL": 710, "CLEAR_AIR_ACT_CHEMICAL_TOTAL": 2996811.2017586683, "FEDERAL_FACILITY": 0.009363068990862476, "CARCINOGEN": 5.704708294328888, "CLEAR_AIR_ACT_CHEMICAL": 39.520211316416756}, "DC": {"METAL_TOTAL": 16301.718692600001, "CARCINOGEN_TOTAL": 627.7996926, "METAL": 59.75083594984737, "FEDERAL_FACILITY": 64.2608630727077, "FEDERAL_FACILITY_TOTAL": 17532.181702600003, "CLEAR_AIR_ACT_CHEMICAL_TOTAL": 12976.729492600001, "CARCINOGEN": 2.3010798523308584, "CLEAR_AIR_ACT_CHEMICAL": 47.56372316925455}, "WI": {"METAL_TOTAL": 10194415.532525996, "CARCINOGEN_TOTAL": 1665385.6657397, "METAL": 29.137888656650734, "FEDERAL_FACILITY_TOTAL": 56586.3, "CLEAR_AIR_ACT_CHEMICAL_TOTAL": 17206437.59727029, "FEDERAL_FACILITY": 0.1617361293181749, "CARCINOGEN": 4.760039645615828, "CLEAR_AIR_ACT_CHEMICAL": 49.17979469124531}, "WV": {"METAL_TOTAL": 11185377.7472369, "CARCINOGEN_TOTAL": 1437288.0003028996, "FEDERAL_FACILITY_TOTAL": 8717.827, "METAL": 27.286075877771303, "CLEAR_AIR_ACT_CHEMICAL_TOTAL": 16030054.51108081, "FEDERAL_FACILITY": 0.021266629915117994, "CARCINOGEN": 3.5061801506134227, "CLEAR_AIR_ACT_CHEMICAL": 39.10438195278747}, "HI": {"METAL_TOTAL": 214066.59089999995, "CARCINOGEN_TOTAL": 114489.5668, "METAL": 7.947136306869421, "FEDERAL_FACILITY_TOTAL": 619582.2, "CLEAR_AIR_ACT_CHEMICAL_TOTAL": 473206.80377262086, "FEDERAL_FACILITY": 23.00174060795038, "CARCINOGEN": 4.250379235959664, "CLEAR_AIR_ACT_CHEMICAL": 17.567612746613932}, "FL": {"METAL_TOTAL": 5728246.937759497, "CARCINOGEN_TOTAL": 2931098.041914001, "FEDERAL_FACILITY_TOTAL": 659584.70707, "METAL": 9.04370264176617, "CLEAR_AIR_ACT_CHEMICAL_TOTAL": 19526375.317245863, "FEDERAL_FACILITY": 1.0413461609828336, "CARCINOGEN": 4.627590149823644, "CLEAR_AIR_ACT_CHEMICAL": 30.828058559529296}, "WY": {"METAL_TOTAL": 2459712.5138942, "CARCINOGEN_TOTAL": 193456.52864010003, "FEDERAL_FACILITY_TOTAL": 423.5, "METAL": 14.335732708258183, "CLEAR_AIR_ACT_CHEMICAL_TOTAL": 3499474.030475047, "FEDERAL_FACILITY": 0.002468248938708486, "CARCINOGEN": 1.1275061900877328, "CLEAR_AIR_ACT_CHEMICAL": 20.395686096240716}, "NH": {"METAL_TOTAL": 118825.92596199995, "CARCINOGEN_TOTAL": 95612.21689699998, "FEDERAL_FACILITY_TOTAL": 994.1, "METAL": 14.369217959491948, "CLEAR_AIR_ACT_CHEMICAL_TOTAL": 430793.2234186436, "FEDERAL_FACILITY": 0.120213155991724, "CARCINOGEN": 11.562062513382562, "CLEAR_AIR_ACT_CHEMICAL": 52.09436974851926}, "NJ": {"METAL_TOTAL": 2464852.1896499996, "CARCINOGEN_TOTAL": 391618.5576722999, "METAL": 18.854154558183772, "FEDERAL_FACILITY_TOTAL": 135439.51, "CLEAR_AIR_ACT_CHEMICAL_TOTAL": 2233910.146253766, "FEDERAL_FACILITY": 1.036004294921749, "CARCINOGEN": 2.9955698135615174, "CLEAR_AIR_ACT_CHEMICAL": 17.087632006260016}, "NM": {"METAL_TOTAL": 14194756.254770001, "CARCINOGEN_TOTAL": 416283.41061, "METAL": 51.48729485504345, "FEDERAL_FACILITY_TOTAL": 285347.02077000006, "CLEAR_AIR_ACT_CHEMICAL_TOTAL": 17869289.997839168, "FEDERAL_FACILITY": 1.0350122207597747, "CARCINOGEN": 1.5099453855107767, "CLEAR_AIR_ACT_CHEMICAL": 64.81558305447152}, "TX": {"METAL_TOTAL": 36756246.910097, "CARCINOGEN_TOTAL": 26920237.911436398, "METAL": 15.919995126948391, "FEDERAL_FACILITY_TOTAL": 744827.9659499998, "CLEAR_AIR_ACT_CHEMICAL_TOTAL": 105834081.0757737, "FEDERAL_FACILITY": 0.32260251209384383, "CARCINOGEN": 11.659788264416894, "CLEAR_AIR_ACT_CHEMICAL": 45.83922997123352}, "LA": {"METAL_TOTAL": 19298579.721706286, "CARCINOGEN_TOTAL": 21145118.070279006, "METAL": 13.020030498939942, "FEDERAL_FACILITY_TOTAL": 202217.837, "CLEAR_AIR_ACT_CHEMICAL_TOTAL": 76194785.0754801, "FEDERAL_FACILITY": 0.13642881720504557, "CARCINOGEN": 14.26582091266855, "CLEAR_AIR_ACT_CHEMICAL": 51.40577388848446}, "NC": {"METAL_TOTAL": 14904817.2422695, "CARCINOGEN_TOTAL": 2418934.5562945, "METAL": 25.922685861396143, "FEDERAL_FACILITY_TOTAL": 2617689.4199999995, "CLEAR_AIR_ACT_CHEMICAL_TOTAL": 28179919.989550047, "FEDERAL_FACILITY": 4.552725431944166, "CARCINOGEN": 4.207047936439515, "CLEAR_AIR_ACT_CHEMICAL": 49.01094737456528}, "ND": {"METAL_TOTAL": 4269549.3334454, "CARCINOGEN_TOTAL": 606716.9404753997, "FEDERAL_FACILITY_TOTAL": 4304.2, "METAL": 10.096476630786416, "CLEAR_AIR_ACT_CHEMICAL_TOTAL": 7957030.913200334, "FEDERAL_FACILITY": 0.010178417280205585, "CARCINOGEN": 1.434742389091648, "CLEAR_AIR_ACT_CHEMICAL": 18.816500382428394}, "NE": {"METAL_TOTAL": 2960350.9988761, "CARCINOGEN_TOTAL": 784614.4213317999, "FEDERAL_FACILITY_TOTAL": 6644.469999999999, "METAL": 12.131221451531808, "CLEAR_AIR_ACT_CHEMICAL_TOTAL": 4776260.694625426, "FEDERAL_FACILITY": 0.027228371577783007, "CARCINOGEN": 3.2152711968463166, "CLEAR_AIR_ACT_CHEMICAL": 19.5726372375255}, "TN": {"METAL_TOTAL": 37740109.003315784, "CARCINOGEN_TOTAL": 3504721.3767946996, "FEDERAL_FACILITY_TOTAL": 14998403.007362928, "METAL": 47.371220209489486, "CLEAR_AIR_ACT_CHEMICAL_TOTAL": 38655558.401700735, "FEDERAL_FACILITY": 18.82593003613307, "CARCINOGEN": 4.399110985568706, "CLEAR_AIR_ACT_CHEMICAL": 48.52028830141598}, "NY": {"METAL_TOTAL": 2620632.3687366, "CARCINOGEN_TOTAL": 1722295.2701574997, "METAL": 14.745470413699117, "FEDERAL_FACILITY_TOTAL": 186531.25993, "CLEAR_AIR_ACT_CHEMICAL_TOTAL": 7953899.916941437, "FEDERAL_FACILITY": 1.0495524696025331, "CARCINOGEN": 9.690811367793914, "CLEAR_AIR_ACT_CHEMICAL": 44.754081991029565}, "PA": {"METAL_TOTAL": 54279073.16276938, "CARCINOGEN_TOTAL": 3507284.3506086003, "METAL": 54.63605893999856, "FEDERAL_FACILITY_TOTAL": 166826.22920000003, "CLEAR_AIR_ACT_CHEMICAL_TOTAL": 38699599.82083554, "FEDERAL_FACILITY": 0.16792342168364077, "CARCINOGEN": 3.5303512630835274, "CLEAR_AIR_ACT_CHEMICAL": 38.95412160824836}, "AK": {"METAL_TOTAL": 873518757.6926026, "CARCINOGEN_TOTAL": 257769.73299999998, "METAL": 99.63455248551388, "FEDERAL_FACILITY_TOTAL": 380012.7595304316, "CLEAR_AIR_ACT_CHEMICAL_TOTAL": 330771099.7704098, "FEDERAL_FACILITY": 0.043344691686545096, "CARCINOGEN": 0.029401511719801376, "CLEAR_AIR_ACT_CHEMICAL": 37.72813143454393}, "NV": {"METAL_TOTAL": 274149450.0821281, "CARCINOGEN_TOTAL": 3692938.079500001, "METAL": 96.16318600515832, "FEDERAL_FACILITY_TOTAL": 728065.9230000001, "CLEAR_AIR_ACT_CHEMICAL_TOTAL": 226073915.67741197, "FEDERAL_FACILITY": 0.2553831085799813, "CARCINOGEN": 1.2953689724276467, "CLEAR_AIR_ACT_CHEMICAL": 79.29976878556096}, "VA": {"METAL_TOTAL": 9424514.231841994, "CARCINOGEN_TOTAL": 1127970.749522, "FEDERAL_FACILITY_TOTAL": 8224129.426473364, "METAL": 21.97926405696831, "CLEAR_AIR_ACT_CHEMICAL_TOTAL": 16746991.191386575, "FEDERAL_FACILITY": 19.179801510874515, "CARCINOGEN": 2.6305830032615893, "CLEAR_AIR_ACT_CHEMICAL": 39.05628794230877}, "CO": {"METAL_TOTAL": 15852355.295315001, "CARCINOGEN_TOTAL": 991158.8570650002, "FEDERAL_FACILITY_TOTAL": 433509.8, "METAL": 55.587911314853734, "CLEAR_AIR_ACT_CHEMICAL_TOTAL": 16259581.586828455, "FEDERAL_FACILITY": 1.5201466197040046, "CARCINOGEN": 3.47560028898319, "CLEAR_AIR_ACT_CHEMICAL": 57.01589211367022}, "CA": {"METAL_TOTAL": 13067585.773814501, "CARCINOGEN_TOTAL": 3928443.179956899, "METAL": 38.52689231828763, "FEDERAL_FACILITY_TOTAL": 1580141.1679999998, "CLEAR_AIR_ACT_CHEMICAL_TOTAL": 19156267.78072448, "FEDERAL_FACILITY": 4.658697458043058, "CARCINOGEN": 11.582147612606086, "CLEAR_AIR_ACT_CHEMICAL": 56.4780272946178}, "AL": {"METAL_TOTAL": 26669558.037658412, "CARCINOGEN_TOTAL": 6467009.866748202, "METAL": 32.10570206740258, "FEDERAL_FACILITY_TOTAL": 4346365.597924223, "CLEAR_AIR_ACT_CHEMICAL_TOTAL": 43663059.08568681, "FEDERAL_FACILITY": 5.232299641633472, "CARCINOGEN": 7.785201830326257, "CLEAR_AIR_ACT_CHEMICAL": 52.56304451603643},