{"WA": 11.408720411876349, "DE": 10.210879549019612, "DC": 10.0, "WI": 11.148734776667958, "WV": 11.05075625302949, "HI": 10.084418150310789, "FL": 12.034869747243476, "WY": 10.679178525236411, "NH": 10.01596294124361, "NJ": 12.614874071825687, "NM": 10.75432275184218, "TX": 18.094419307675047, "LA": 14.82392465464141, "NC": 12.146259499038269, "ND": 11.67709013255033, "NE": 10.728827868097982, "TN": 12.658717832098532, "NY": 10.632922165645574, "PA": 12.23844644397524, "AK": 30.0, "NV": 20.726508492034448, "VA": 11.398471979322911, "CO": 10.929002081700776, "CA": 11.35297528400068, "AL": 12.990969329315032, "AS": 10.001239638914775, "AR": 11.116216262481636, "VT": 10.011384752173978, "IL": 13.926485582409411, "GA": 12.01124411569481, "IN": 14.62611330451234, "IA": 11.26762695620233, "MA": 10.167976513875152, "AZ": 12.862593418358125, "ID": 11.578642151011636, "CT": 10.059794160916578, "ME": 10.321396897746999, "MD": 10.264544716049834, "OK": 10.916978414305559, "OH": 13.826776722174785, "UT": 17.649408293402153, "MO": 12.540846861896867, "MN": 10.956695665226794, "MI": 12.493133950719152, "RI": 10.018892643769737, "KS": 10.640117513037346, "MT": 11.274311796098065, "MS": 12.173621610510061, "SC": 11.331191725675222, "KY": 12.140878391617791, "OR": 10.794079160898828, "SD": 10.212790972863692}