{"WA": 10.406955173487159, "DE": 10.113429366094376, "DC": 10.014680066677217, "WI": 10.746458060886807, "WV": 10.785024783647186, "HI": 10.05217586099143, "FL": 11.385319192934713, "WY": 10.413042587248949, "NH": 10.014503445861004, "NJ": 10.227295581033138, "NM": 10.533409433530611, "TX": 15.108212400118504, "LA": 12.941469968996023, "NC": 11.11201699628561, "ND": 10.92075074941339, "NE": 10.54397884777759, "TN": 11.634726313377449, "NY": 10.34303431724924, "PA": 11.986007677614609, "AK": 30.0, "NV": 17.64188576983328, "VA": 10.953856803281152, "CO": 10.569188382574406, "CA": 10.741029303708894, "AL": 11.828391020014477, "AS": 10.0, "AR": 10.752186654320175, "VT": 10.004312595378643, "IL": 12.565779373220332, "GA": 11.466090504087504, "IN": 13.195931918365119, "IA": 10.823282534812307, "MA": 10.078576949765644, "AZ": 11.454078840097885, "ID": 11.004424136816313, "CT": 10.045963623863585, "ME": 10.248595933439956, "MD": 10.1729939293894, "OK": 10.639808244235107, "OH": 12.620760367963126, "UT": 20.85281461260049, "MO": 11.485446339765438, "MN": 10.547118493193263, "MI": 11.446321167471098, "RI": 10.004999420431362, "KS": 10.447523644604706, "MT": 10.717571465772163, "MS": 11.395288691036411, "SC": 11.02549124781548, "KY": 11.495514374015535, "OR": 10.475744973917848, "SD": 10.13734683810458}