{"WA": 10.537257028314022, "DE": 10.21211218784984, "DC": 10.00058749290145, "WI": 10.908873032559129, "WV": 11.116270896440279, "HI": 10.059698141021428, "FL": 11.94999079392905, "WY": 10.534750779651699, "NH": 10.079641665939985, "NJ": 10.398976871224114, "NM": 10.37374922296981, "TX": 15.138233756164396, "LA": 13.406868789698438, "NC": 11.601951114950907, "ND": 10.505284873500887, "NE": 10.770026191211445, "TN": 12.118188810528224, "NY": 10.524667208944775, "PA": 12.710123497926235, "AK": 30.0, "NV": 19.30535146288348, "VA": 11.275533780390136, "CO": 10.553941887692496, "CA": 10.87199437228019, "AL": 12.264402532030022, "AS": 10.0, "AR": 10.86339419729323, "VT": 10.006638386276919, "IL": 12.495709342075031, "GA": 11.934350222053459, "IN": 13.921770803906558, "IA": 10.991510427961801, "MA": 10.122195479946809, "AZ": 11.91478995367513, "ID": 11.352162197236762, "CT": 10.067821841753362, "ME": 10.229151239167608, "MD": 10.305909481759452, "OK": 10.898345999771607, "OH": 13.808139531156783, "UT": 14.221072198225356, "MO": 11.789877149661276, "MN": 10.550951707572473, "MI": 11.86589382438607, "RI": 10.009025162431337, "KS": 10.567809735475818, "MT": 10.918523896093445, "MS": 11.45825827607127, "SC": 11.447254598103013, "KY": 12.323754317355245, "OR": 10.529942291133391, "SD": 10.109667651758352}