{"WA": 10.49843256376963, "DE": 10.231557197073812, "DC": 10.00068070449749, "WI": 10.956849152940604, "WV": 11.224992126164455, "HI": 10.084282979345364, "FL": 12.442433338114657, "WY": 10.71903947410999, "NH": 10.082919173784997, "NJ": 10.378981050964912, "NM": 10.546938643524955, "TX": 15.794982176811006, "LA": 13.619053247151577, "NC": 11.823620382829114, "ND": 10.607608219040758, "NE": 10.861988367425182, "TN": 12.49833530315896, "NY": 10.635395637144377, "PA": 13.506231170783082, "AK": 30.0, "NV": 16.933295892594785, "VA": 11.64437638165639, "CO": 10.57656034601896, "CA": 11.10396602007027, "AL": 12.67145781353865, "AS": 10.0, "AR": 10.989316043867488, "VT": 10.007502230877492, "IL": 12.69012856293319, "GA": 12.338503868027008, "IN": 13.981746163664628, "IA": 11.236028432170828, "MA": 10.156439711064472, "AZ": 11.754744184151008, "ID": 11.653346457727018, "CT": 10.098501738503396, "ME": 10.241073919552996, "MD": 11.030494809739368, "OK": 10.926100394528131, "OH": 14.630865324576062, "UT": 14.199881474862682, "MO": 12.137894272376563, "MN": 10.637883583069929, "MI": 12.048450081787195, "RI": 10.01437051534364, "KS": 10.612282790265803, "MT": 11.176568796098724, "MS": 11.514346879564277, "SC": 11.437834324891634, "KY": 12.374366754826436, "OR": 10.565589926600953, "SD": 10.166215694972847}