{"WA": 11.673099733889867, "DE": 10.394200877800332, "DC": 10.00102761188318, "WI": 12.142780123755006, "WV": 11.960104580736397, "FL": 13.794929808465183, "WY": 11.267318440697313, "NH": 10.030789633717784, "NJ": 14.876315820538135, "NM": 11.407420698724525, "TX": 25.097938469056004, "LA": 18.99730128929113, "NC": 14.003034436220716, "ND": 13.146136931451657, "NE": 11.359886896833892, "TN": 14.95806008875524, "NY": 11.181658259405069, "PA": 14.173634355473816, "CT": 10.112510520679425, "RI": 10.036251902182027, "NV": 30.0, "VA": 12.608401337596518, "GU": 10.028512200828416, "CO": 11.733100656444549, "VI": 10.000645862114611, "CA": 12.528154644828987, "AL": 15.57752464505666, "AS": 10.003338850137178, "AR": 12.082372322590311, "VT": 10.022253853188749, "IL": 17.32174300220748, "GA": 13.438531871490778, "IN": 18.62513400747376, "IA": 12.368002287381787, "MA": 10.314946739610939, "AZ": 15.338174853146196, "ID": 12.94431866648421, "PR": 10.158558329368837, "ME": 10.600254367300211, "MD": 10.494256616184424, "OK": 11.71068319301551, "OH": 17.13584134222395, "UT": 24.262926667684802, "MO": 14.738296178378612, "MN": 11.784730678315388, "MI": 14.649338092109122, "KS": 11.193802199614515, "MT": 12.376911537080844, "MP": 10.0, "MS": 14.053624990080637, "SC": 12.482961022585524, "KY": 13.992577067850322, "OR": 11.485015431138565, "SD": 10.397764621932101}