{"WA": {"METAL_TOTAL": 6073208.880190999, "CARCINOGEN_TOTAL": 2821583.4967295, "METAL": 29.860361683656038, "FEDERAL_FACILITY": 10.440521274067793, "FEDERAL_FACILITY_TOTAL": 2123466.125, "CLEAR_AIR_ACT_CHEMICAL_TOTAL": 12452164.454524832, "CARCINOGEN": 13.872979736920898, "CLEAR_AIR_ACT_CHEMICAL": 61.22399899158141}, "DE": {"METAL_TOTAL": 1723531.96303, "CARCINOGEN_TOTAL": 770258.5410597, "METAL": 27.922421235774948, "FEDERAL_FACILITY_TOTAL": 750, "CLEAR_AIR_ACT_CHEMICAL_TOTAL": 4249906.80616992, "FEDERAL_FACILITY": 0.012150523678142367, "CARCINOGEN": 12.478726188583039, "CLEAR_AIR_ACT_CHEMICAL": 68.85145770435469}, "DC": {"METAL_TOTAL": 29132.219235200002, "CARCINOGEN_TOTAL": 1175.3162352, "METAL": 96.19806803036077, "FEDERAL_FACILITY": 99.2603565676633, "FEDERAL_FACILITY_TOTAL": 30059.5898452, "CLEAR_AIR_ACT_CHEMICAL_TOTAL": 22687.280358397293, "CARCINOGEN": 3.881034611134076, "CLEAR_AIR_ACT_CHEMICAL": 74.91610995100308}, "WI": {"METAL_TOTAL": 10595204.912015112, "CARCINOGEN_TOTAL": 2118330.025334401, "METAL": 29.125510935899097, "FEDERAL_FACILITY_TOTAL": 72466.8, "CLEAR_AIR_ACT_CHEMICAL_TOTAL": 16573434.900336865, "FEDERAL_FACILITY": 0.1992063951020075, "CARCINOGEN": 5.823147813663777, "CLEAR_AIR_ACT_CHEMICAL": 45.55926604947238}, "WV": {"METAL_TOTAL": 11044816.835999992, "CARCINOGEN_TOTAL": 1397382.4366000001, "METAL": 26.857241651943603, "FEDERAL_FACILITY_TOTAL": 18642.16, "CLEAR_AIR_ACT_CHEMICAL_TOTAL": 16263065.221609483, "FEDERAL_FACILITY": 0.04533139874282631, "CARCINOGEN": 3.3979592724092496, "CLEAR_AIR_ACT_CHEMICAL": 39.546248628987755}, "HI": {"METAL_TOTAL": 213797.586, "CARCINOGEN_TOTAL": 89034.843, "METAL": 8.256920189334325, "FEDERAL_FACILITY_TOTAL": 562288.52, "CLEAR_AIR_ACT_CHEMICAL_TOTAL": 432284.89733277244, "FEDERAL_FACILITY": 21.71573365201101, "CARCINOGEN": 3.4385495480800796, "CLEAR_AIR_ACT_CHEMICAL": 16.694958830504685}, "FL": {"METAL_TOTAL": 7349550.380319699, "CARCINOGEN_TOTAL": 2845346.0857596, "METAL": 9.919635846308026, "FEDERAL_FACILITY_TOTAL": 507047.3541800001, "CLEAR_AIR_ACT_CHEMICAL_TOTAL": 21325462.564029314, "FEDERAL_FACILITY": 0.6843582056077806, "CARCINOGEN": 3.8403433634569364, "CLEAR_AIR_ACT_CHEMICAL": 28.78282506310858}, "WY": {"METAL_TOTAL": 2292301.1354392995, "CARCINOGEN_TOTAL": 183326.7980696, "FEDERAL_FACILITY_TOTAL": 4140.3, "METAL": 11.983950130946493, "CLEAR_AIR_ACT_CHEMICAL_TOTAL": 3330868.4247559486, "FEDERAL_FACILITY": 0.0216451267942373, "CARCINOGEN": 0.9584164889012944, "CLEAR_AIR_ACT_CHEMICAL": 17.413489213043494}, "NH": {"METAL_TOTAL": 112069.445576, "CARCINOGEN_TOTAL": 66992.16728800001, "METAL": 5.091072179909739, "FEDERAL_FACILITY_TOTAL": 178, "CLEAR_AIR_ACT_CHEMICAL_TOTAL": 1390180.1257412578, "FEDERAL_FACILITY": 0.008086154467583102, "CARCINOGEN": 3.0433090607243587, "CLEAR_AIR_ACT_CHEMICAL": 63.15287210397702}, "NJ": {"METAL_TOTAL": 2508003.5765500003, "CARCINOGEN_TOTAL": 704680.6706034, "FEDERAL_FACILITY_TOTAL": 133803.758005, "METAL": 17.635923756616055, "CLEAR_AIR_ACT_CHEMICAL_TOTAL": 2241637.9731406933, "FEDERAL_FACILITY": 0.940888959086315, "CARCINOGEN": 4.955214057795771, "CLEAR_AIR_ACT_CHEMICAL": 15.762878790877377}, "NM": {"METAL_TOTAL": 8278233.69232, "CARCINOGEN_TOTAL": 275167.4824200001, "FEDERAL_FACILITY_TOTAL": 344855.86241999996, "METAL": 45.74242702100834, "CLEAR_AIR_ACT_CHEMICAL_TOTAL": 7368552.872039662, "FEDERAL_FACILITY": 1.9055446736359136, "CARCINOGEN": 1.5204727180906572, "CLEAR_AIR_ACT_CHEMICAL": 40.7158706225476}, "TX": {"METAL_TOTAL": 36077063.801696174, "CARCINOGEN_TOTAL": 25303998.536229584, "FEDERAL_FACILITY_TOTAL": 913134.4514, "METAL": 16.582671830323438, "CLEAR_AIR_ACT_CHEMICAL_TOTAL": 100169842.48106244, "FEDERAL_FACILITY": 0.41971844016354537, "CARCINOGEN": 11.630877336019562, "CLEAR_AIR_ACT_CHEMICAL": 46.04265009727742}, "LA": {"METAL_TOTAL": 19823759.481641002, "CARCINOGEN_TOTAL": 20096593.644756004, "METAL": 14.429112303888234, "FEDERAL_FACILITY_TOTAL": 84580.21, "CLEAR_AIR_ACT_CHEMICAL_TOTAL": 68620168.67648537, "FEDERAL_FACILITY": 0.06156336541041533, "CARCINOGEN": 14.627700002834521, "CLEAR_AIR_ACT_CHEMICAL": 49.9465361785553}, "NC": {"METAL_TOTAL": 14474936.22959499, "CARCINOGEN_TOTAL": 2478980.675290998, "METAL": 24.065230435560462, "FEDERAL_FACILITY_TOTAL": 2526288.7999999993, "CLEAR_AIR_ACT_CHEMICAL_TOTAL": 30616616.9365606, "FEDERAL_FACILITY": 4.200068390938712, "CARCINOGEN": 4.12141651264797, "CLEAR_AIR_ACT_CHEMICAL": 50.90149828979451}, "ND": {"METAL_TOTAL": 3699986.138162, "CARCINOGEN_TOTAL": 507786.671492, "FEDERAL_FACILITY_TOTAL": 5920.320000000001, "METAL": 17.563129610586316, "CLEAR_AIR_ACT_CHEMICAL_TOTAL": 4994058.71167562, "FEDERAL_FACILITY": 0.028102631635209048, "CARCINOGEN": 2.410366631906482, "CLEAR_AIR_ACT_CHEMICAL": 23.705845687197076}, "NE": {"METAL_TOTAL": 3777919.031951001, "CARCINOGEN_TOTAL": 893421.1104609999, "METAL": 13.610300123082824, "FEDERAL_FACILITY_TOTAL": 8061.6, "CLEAR_AIR_ACT_CHEMICAL_TOTAL": 4981839.292581138, "FEDERAL_FACILITY": 0.029042654049571372, "CARCINOGEN": 3.2186315659053673, "CLEAR_AIR_ACT_CHEMICAL": 17.94753338109003}, "TN": {"METAL_TOTAL": 41075217.0312127, "CARCINOGEN_TOTAL": 3509678.450739002, "METAL": 46.45585758817185, "FEDERAL_FACILITY_TOTAL": 23482205.67486342, "CLEAR_AIR_ACT_CHEMICAL_TOTAL": 45890033.09192842, "FEDERAL_FACILITY": 26.558252920700603, "CARCINOGEN": 3.9694281387219474, "CLEAR_AIR_ACT_CHEMICAL": 51.90138959984406}, "NY": {"METAL_TOTAL": 3617790.3004974998, "CARCINOGEN_TOTAL": 1169186.5833365005, "FEDERAL_FACILITY_TOTAL": 268695.74636, "METAL": 18.776131003316838, "CLEAR_AIR_ACT_CHEMICAL_TOTAL": 8889931.471054344, "FEDERAL_FACILITY": 1.3945160207311025, "CARCINOGEN": 6.0680135200284315, "CLEAR_AIR_ACT_CHEMICAL": 46.13825126571646}, "PA": {"METAL_TOTAL": 51055732.204675235, "CARCINOGEN_TOTAL": 4367803.561837702, "METAL": 49.863713726383345, "FEDERAL_FACILITY_TOTAL": 135150.303, "CLEAR_AIR_ACT_CHEMICAL_TOTAL": 40868044.0041762, "FEDERAL_FACILITY": 0.13199489514340687, "CARCINOGEN": 4.2658267155477, "CLEAR_AIR_ACT_CHEMICAL": 39.913881532676804}, "AK": {"METAL_TOTAL": 1046088422.4111474, "CARCINOGEN_TOTAL": 379625.28689999995, "METAL": 99.7488775291995, "FEDERAL_FACILITY": 0.04512921964669242, "FEDERAL_FACILITY_TOTAL": 473280.0544149992, "CLEAR_AIR_ACT_CHEMICAL_TOTAL": 498974016.2265819, "CARCINOGEN": 0.036198848432615824, "CLEAR_AIR_ACT_CHEMICAL": 47.57924566273044}, "NV": {"METAL_TOTAL": 525604495.735623, "CARCINOGEN_TOTAL": 2162520.4495, "FEDERAL_FACILITY_TOTAL": 586474.6419999999, "METAL": 98.10246121821787, "CLEAR_AIR_ACT_CHEMICAL_TOTAL": 491639106.7804674, "FEDERAL_FACILITY": 0.10946368664854966, "CARCINOGEN": 0.4036277852489807, "CLEAR_AIR_ACT_CHEMICAL": 91.76292592168024}, "VA": {"METAL_TOTAL": 6218763.458198996, "CARCINOGEN_TOTAL": 1200658.8470500002, "METAL": 13.094106170677195, "FEDERAL_FACILITY_TOTAL": 13797397.24109843, "CLEAR_AIR_ACT_CHEMICAL_TOTAL": 19281267.62090472, "FEDERAL_FACILITY": 29.051528582544506, "CARCINOGEN": 2.5280836815408736, "CLEAR_AIR_ACT_CHEMICAL": 40.59825832424964}, "CO": {"METAL_TOTAL": 13539076.797588002, "CARCINOGEN_TOTAL": 997820.857688, "FEDERAL_FACILITY_TOTAL": 379829.94, "METAL": 51.24667163212548, "CLEAR_AIR_ACT_CHEMICAL_TOTAL": 13933827.654552482, "FEDERAL_FACILITY": 1.4376918383901647, "CARCINOGEN": 3.7768452462528668, "CLEAR_AIR_ACT_CHEMICAL": 52.74084053638656}, "CA": {"METAL_TOTAL": 15052299.575290399, "CARCINOGEN_TOTAL": 5795203.4061721, "METAL": 39.54955350669295, "FEDERAL_FACILITY_TOTAL": 4891914.732200001, "CLEAR_AIR_ACT_CHEMICAL_TOTAL": 20057203.246750556, "FEDERAL_FACILITY": 12.853387781952305, "CARCINOGEN": 15.226756951530504, "CLEAR_AIR_ACT_CHEMICAL": 52.699816997010096}, "AL": {"METAL_TOTAL": 30833193.6798382, "CARCINOGEN_TOTAL": 6829796.0091464, "METAL": 36.29747434011919, "FEDERAL_FACILITY_TOTAL": 5212075.204850164, "CLEAR_AIR_ACT_CHEMICAL_TOTAL": 43434028.40776986, "FEDERAL_FACILITY": 6.13576290446125, "CARCINOGEN": 8.04017734797107, "CLEAR_AIR_ACT_CHEMICAL": 51.131438020639955}, "AS": {"CLEAR_AIR_ACT_CHEMICAL": 100.0,