{"WA": 10.38031155221735, "DE": 10.105857311415706, "DC": 10.008387494901116, "WI": 10.658481344875138, "WV": 10.631835404731977, "HI": 10.044185147302413, "FL": 11.118937806120533, "WY": 10.313998981958623, "NH": 10.011599314926642, "NJ": 10.234112196576747, "NM": 10.405214266139991, "TX": 14.451833737531274, "LA": 12.46083925279901, "NC": 11.074179482155106, "ND": 10.841858265584722, "NE": 10.471415806973278, "TN": 11.455966509611603, "NY": 10.315747821668879, "PA": 11.51524820880312, "AK": 30.0, "NV": 14.924828372884726, "VA": 10.776700560046676, "CO": 10.510406028245011, "CA": 10.591469610498322, "AL": 11.577134238684035, "AS": 10.0, "AR": 10.732190561067053, "VT": 10.003588084170921, "IL": 12.086080379775021, "GA": 11.191476522378835, "IN": 12.754633374965634, "IA": 10.627010717484644, "MA": 10.210840836030318, "AZ": 11.362419175339493, "ID": 10.870370260602542, "CT": 10.037571911574984, "ME": 10.176538782010374, "MD": 10.137446148817503, "OK": 10.468311996867369, "OH": 12.117064602583978, "UT": 13.614321688210126, "MO": 11.213377165037203, "MN": 10.53332896690113, "MI": 11.093412301686714, "RI": 10.007765414157227, "KS": 10.36506922368919, "MT": 10.647122313975142, "MS": 11.206761823562989, "SC": 10.807534174689126, "KY": 11.275940259274613, "OR": 10.42350233659487, "SD": 10.104916827668482}