{"WA": {"METAL_TOTAL": 5400167.1556242, "CARCINOGEN_TOTAL": 2683234.9471191987, "METAL": 27.260025536469477, "FEDERAL_FACILITY_TOTAL": 2333195.536, "CLEAR_AIR_ACT_CHEMICAL_TOTAL": 13178477.798754375, "FEDERAL_FACILITY": 11.777963174101929, "CARCINOGEN": 13.544960937484523, "CLEAR_AIR_ACT_CHEMICAL": 66.52491135421447}, "DE": {"METAL_TOTAL": 1239994.78871, "CARCINOGEN_TOTAL": 472110.59187279997, "METAL": 22.278885960252357, "FEDERAL_FACILITY": 0.005354141869468698, "FEDERAL_FACILITY_TOTAL": 298, "CLEAR_AIR_ACT_CHEMICAL_TOTAL": 2013739.9031949278, "CARCINOGEN": 8.482372775053044, "CLEAR_AIR_ACT_CHEMICAL": 36.18070177824096}, "DC": {"METAL_TOTAL": 8439.365250400002, "CARCINOGEN_TOTAL": 765956.5052503999, "METAL": 1.0907316036904746, "FEDERAL_FACILITY": 1.074061140829715, "FEDERAL_FACILITY_TOTAL": 8310.3801504, "CLEAR_AIR_ACT_CHEMICAL_TOTAL": 768548.3652504, "CARCINOGEN": 98.99476353263914, "CLEAR_AIR_ACT_CHEMICAL": 99.32974413016777}, "WI": {"METAL_TOTAL": 10283568.618080609, "CARCINOGEN_TOTAL": 1296932.735876001, "METAL": 28.34106766461976, "FEDERAL_FACILITY_TOTAL": 90427.8, "CLEAR_AIR_ACT_CHEMICAL_TOTAL": 18092035.635983195, "FEDERAL_FACILITY": 0.24921508220956903, "CARCINOGEN": 3.5742901894286803, "CLEAR_AIR_ACT_CHEMICAL": 49.86086301292307}, "WV": {"METAL_TOTAL": 11856885.144458102, "CARCINOGEN_TOTAL": 1057124.2819546997, "FEDERAL_FACILITY_TOTAL": 8828.774, "METAL": 31.074281031491267, "CLEAR_AIR_ACT_CHEMICAL_TOTAL": 15595791.140199874, "FEDERAL_FACILITY": 0.023138269545248415, "CARCINOGEN": 2.7704896035049744, "CLEAR_AIR_ACT_CHEMICAL": 40.87312906337186}, "HI": {"METAL_TOTAL": 340717.8124, "CARCINOGEN_TOTAL": 141179.51230000003, "FEDERAL_FACILITY_TOTAL": 682389.5, "METAL": 13.138341906418983, "CLEAR_AIR_ACT_CHEMICAL_TOTAL": 473661.98830956797, "FEDERAL_FACILITY": 26.313465977014754, "CARCINOGEN": 5.443990995696133, "CLEAR_AIR_ACT_CHEMICAL": 18.26477197258893}, "FL": {"METAL_TOTAL": 7206388.6038001, "CARCINOGEN_TOTAL": 2863653.728355599, "METAL": 10.709873730859996, "FEDERAL_FACILITY_TOTAL": 547615.0137499999, "CLEAR_AIR_ACT_CHEMICAL_TOTAL": 20784450.989320025, "FEDERAL_FACILITY": 0.8138455990692709, "CARCINOGEN": 4.255858450850434, "CLEAR_AIR_ACT_CHEMICAL": 30.889098256994345}, "WY": {"METAL_TOTAL": 2721595.6757599, "CARCINOGEN_TOTAL": 199812.7850797, "METAL": 13.53674429429188, "FEDERAL_FACILITY_TOTAL": 365.1, "CLEAR_AIR_ACT_CHEMICAL_TOTAL": 3546379.7958369353, "FEDERAL_FACILITY": 0.0018159440014784822, "CARCINOGEN": 0.993834096094742, "CLEAR_AIR_ACT_CHEMICAL": 17.63907728626285}, "NH": {"METAL_TOTAL": 136975.11992979996, "CARCINOGEN_TOTAL": 100209.48913079995, "METAL": 17.901420547999177, "FEDERAL_FACILITY_TOTAL": 299.02, "CLEAR_AIR_ACT_CHEMICAL_TOTAL": 307607.34694685275, "FEDERAL_FACILITY": 0.03907923406094535, "CARCINOGEN": 13.096482111130662, "CLEAR_AIR_ACT_CHEMICAL": 40.20152334359736}, "NJ": {"METAL_TOTAL": 2877315.4420449995, "CARCINOGEN_TOTAL": 334094.50321739994, "METAL": 25.941813461787255, "FEDERAL_FACILITY_TOTAL": 151616.847795, "CLEAR_AIR_ACT_CHEMICAL_TOTAL": 2677158.641305989, "FEDERAL_FACILITY": 1.3669742029975758, "CARCINOGEN": 3.01218877653343, "CLEAR_AIR_ACT_CHEMICAL": 24.137204098488148}, "NM": {"METAL_TOTAL": 13945548.600999992, "CARCINOGEN_TOTAL": 598327.025, "METAL": 53.74765273397768, "FEDERAL_FACILITY_TOTAL": 334102.70399999997, "CLEAR_AIR_ACT_CHEMICAL_TOTAL": 17433473.820893276, "FEDERAL_FACILITY": 1.2876679595657696, "CARCINOGEN": 2.306017072626887, "CLEAR_AIR_ACT_CHEMICAL": 67.19049380424322}, "TX": {"METAL_TOTAL": 34639837.83618919, "CARCINOGEN_TOTAL": 26590158.860541526, "METAL": 13.970504929810126, "FEDERAL_FACILITY_TOTAL": 657458.42343, "CLEAR_AIR_ACT_CHEMICAL_TOTAL": 126716313.71039852, "FEDERAL_FACILITY": 0.2651578852392363, "CARCINOGEN": 10.724009367547806, "CLEAR_AIR_ACT_CHEMICAL": 51.10563432052264}, "LA": {"METAL_TOTAL": 17476950.294107, "CARCINOGEN_TOTAL": 19762801.295301, "FEDERAL_FACILITY_TOTAL": 161702.53999999998, "METAL": 12.23847447145519, "CLEAR_AIR_ACT_CHEMICAL_TOTAL": 70536322.57105033, "FEDERAL_FACILITY": 0.113234424453719, "CARCINOGEN": 13.839173028862884, "CLEAR_AIR_ACT_CHEMICAL": 49.39402862450246}, "NC": {"METAL_TOTAL": 16107939.579531703, "CARCINOGEN_TOTAL": 2419830.0602728, "FEDERAL_FACILITY_TOTAL": 1842907.15, "METAL": 29.8158905391185, "CLEAR_AIR_ACT_CHEMICAL_TOTAL": 25608840.18511952, "FEDERAL_FACILITY": 3.4112319323559506, "CARCINOGEN": 4.479119619497596, "CLEAR_AIR_ACT_CHEMICAL": 47.402113226420546}, "ND": {"METAL_TOTAL": 4124931.061735401, "CARCINOGEN_TOTAL": 4708039.8647084, "FEDERAL_FACILITY_TOTAL": 6551.47, "METAL": 9.219160996627277, "CLEAR_AIR_ACT_CHEMICAL_TOTAL": 12131268.842987616, "FEDERAL_FACILITY": 0.014642440271271637, "CARCINOGEN": 10.522400699958718, "CLEAR_AIR_ACT_CHEMICAL": 27.113209622906727}, "NE": {"METAL_TOTAL": 2953728.453362701, "CARCINOGEN_TOTAL": 835124.9356684999, "METAL": 11.163312876806016, "FEDERAL_FACILITY_TOTAL": 5210.9, "CLEAR_AIR_ACT_CHEMICAL_TOTAL": 4535067.778573057, "FEDERAL_FACILITY": 0.01969406057064021, "CARCINOGEN": 3.1562687956221467, "CLEAR_AIR_ACT_CHEMICAL": 17.139822204067727}, "TN": {"METAL_TOTAL": 34485945.334351026, "CARCINOGEN_TOTAL": 3863059.977042003, "FEDERAL_FACILITY_TOTAL": 17175709.40723052, "METAL": 43.43842015154995, "CLEAR_AIR_ACT_CHEMICAL_TOTAL": 41658342.10995661, "FEDERAL_FACILITY": 21.634485422936674, "CARCINOGEN": 4.865901767414759, "CLEAR_AIR_ACT_CHEMICAL": 52.47275520056015}, "NY": {"METAL_TOTAL": 2460717.1310803, "CARCINOGEN_TOTAL": 1127818.899571, "METAL": 14.727845086130293, "FEDERAL_FACILITY_TOTAL": 256231.99799999996, "CLEAR_AIR_ACT_CHEMICAL_TOTAL": 6825288.618449098, "FEDERAL_FACILITY": 1.5335956843592595, "CARCINOGEN": 6.750203763079172, "CLEAR_AIR_ACT_CHEMICAL": 40.85060902409195}, "PA": {"METAL_TOTAL": 54086915.18926021, "CARCINOGEN_TOTAL": 3031182.9285337017, "METAL": 56.08511218252157, "FEDERAL_FACILITY_TOTAL": 211948.87096099998, "CLEAR_AIR_ACT_CHEMICAL_TOTAL": 38372120.04222239, "FEDERAL_FACILITY": 0.21977914923066005, "CARCINOGEN": 3.14316751099005, "CLEAR_AIR_ACT_CHEMICAL": 39.78974673853392}, "AK": {"METAL_TOTAL": 967345808.3151022, "CARCINOGEN_TOTAL": 203603.7342, "METAL": 99.66369278482105, "FEDERAL_FACILITY_TOTAL": 588396.5249982441, "CLEAR_AIR_ACT_CHEMICAL_TOTAL": 401649255.11297274, "FEDERAL_FACILITY": 0.06062131039283874, "CARCINOGEN": 0.020976883179444454, "CLEAR_AIR_ACT_CHEMICAL": 41.381114824443685}, "NV": {"METAL_TOTAL": 359132985.54334813, "CARCINOGEN_TOTAL": 4473657.988700001, "METAL": 96.8268006160392, "FEDERAL_FACILITY_TOTAL": 114739.051, "CLEAR_AIR_ACT_CHEMICAL_TOTAL": 307335174.6029687, "FEDERAL_FACILITY": 0.03093510109421451, "CARCINOGEN": 1.2061548438410465, "CLEAR_AIR_ACT_CHEMICAL": 82.86145486902193}, "VA": {"METAL_TOTAL": 9322519.4293569, "CARCINOGEN_TOTAL": 1206918.3309169004, "METAL": 20.11349625434461, "FEDERAL_FACILITY_TOTAL": 9589485.427888956, "CLEAR_AIR_ACT_CHEMICAL_TOTAL": 19569064.920105934, "FEDERAL_FACILITY": 20.68947999481318, "CARCINOGEN": 2.6039470887830083, "CLEAR_AIR_ACT_CHEMICAL": 42.22059465299815}, "CO": {"METAL_TOTAL": 14667787.774549993, "CARCINOGEN_TOTAL": 894835.0857599998, "METAL": 52.98558505918442, "FEDERAL_FACILITY_TOTAL": 414435.52999999997, "CLEAR_AIR_ACT_CHEMICAL_TOTAL": 15070813.233815012, "FEDERAL_FACILITY": 1.4970975421709005, "CARCINOGEN": 3.232482040185075, "CLEAR_AIR_ACT_CHEMICAL": 54.44146511970423}, "CA": {"METAL_TOTAL": 12262382.453456197, "CARCINOGEN_TOTAL": 7177758.233627698, "METAL": 34.041748957586286, "FEDERAL_FACILITY_TOTAL": 1601988.025, "CLEAR_AIR_ACT_CHEMICAL_TOTAL": 22843803.11590388, "FEDERAL_FACILITY": 4.447298425661053, "CARCINOGEN": 19.926261865901353, "CLEAR_AIR_ACT_CHEMICAL": 63.41695945790256}, "AL": {"METAL_TOTAL": 31123493.509613324, "CARCINOGEN_TOTAL": 6016465.694482002, "FEDERAL_FACILITY_TOTAL": 4157476.0496655772, "METAL": 35.05352903352546, "CLEAR_AIR_ACT_CHEMICAL_TOTAL": 45054297.08462592, "FEDERAL_FACILITY": 4.682450168009742, "CARCINOGEN": 6.776178735706298, "CLEAR_AIR_ACT_CHEMICAL": 50.743407402295745},